chapter_id,filename,title,url,source
0,ch00_homepage.html,Handbook home,https://www.tewhatuora.govt.nz/for-health-professionals/clinical-guidance/immunisation-handbook,original
1,ch01_funded-vaccines-for-special-groups.html,Funded vaccines for special groups,https://www.tewhatuora.govt.nz/for-health-professionals/clinical-guidance/immunisation-handbook/funded-vaccines-for-special-groups,original
2,ch02_anaphylaxis-responsemanagement.html,Anaphylaxis response/management,https://www.tewhatuora.govt.nz/for-health-professionals/clinical-guidance/immunisation-handbook/anaphylaxis-responsemanagement,original
3,ch03_national-immunisation-schedule.html,National Immunisation Schedule,https://www.tewhatuora.govt.nz/for-health-professionals/clinical-guidance/immunisation-handbook/national-immunisation-schedule,original
4,ch04_introduction.html,Introduction,https://www.tewhatuora.govt.nz/for-health-professionals/clinical-guidance/immunisation-handbook/introduction,original
5,ch05_1-general-immunisation-principles.html,1. General immunisation principles,https://www.tewhatuora.govt.nz/for-health-professionals/clinical-guidance/immunisation-handbook/1-general-immunisation-principles,original
6,ch06_2-processes-for-safe-immunisation.html,2. Processes for safe immunisation,https://www.tewhatuora.govt.nz/for-health-professionals/clinical-guidance/immunisation-handbook/2-processes-for-safe-immunisation,original
7,ch07_3-vaccination-questions-and-addressing-concerns.html,3. Vaccination questions and addressing concerns,https://www.tewhatuora.govt.nz/for-health-professionals/clinical-guidance/immunisation-handbook/3-vaccination-questions-and-addressing-concerns,original
8,ch08_4-immunisation-of-special-groups.html,4. Immunisation of special groups,https://www.tewhatuora.govt.nz/for-health-professionals/clinical-guidance/immunisation-handbook/4-immunisation-of-special-groups,original
9,ch09_5-coronavirus-disease-covid-19.html,5. Coronavirus disease (COVID-19),https://www.tewhatuora.govt.nz/for-health-professionals/clinical-guidance/immunisation-handbook/5-coronavirus-disease-covid-19,original
10,ch10_6-diphtheria.html,6. Diphtheria,https://www.tewhatuora.govt.nz/for-health-professionals/clinical-guidance/immunisation-handbook/6-diphtheria,original
11,ch11_7-haemophilus-inuenzae-type-b-hib-disease.html,7.Haemophilus inﬂuenzaetype b (Hib) disease,https://www.tewhatuora.govt.nz/for-health-professionals/clinical-guidance/immunisation-handbook/7-haemophilus-inuenzae-type-b-hib-disease,original
12,ch12_8-hepatitis-a.html,8. Hepatitis A,https://www.tewhatuora.govt.nz/for-health-professionals/clinical-guidance/immunisation-handbook/8-hepatitis-a,original
13,ch13_9-hepatitis-b.html,9. Hepatitis B,https://www.tewhatuora.govt.nz/for-health-professionals/clinical-guidance/immunisation-handbook/9-hepatitis-b,original
14,ch14_10-human-papillomavirus.html,10. Human papillomavirus,https://www.tewhatuora.govt.nz/for-health-professionals/clinical-guidance/immunisation-handbook/10-human-papillomavirus,original
15,ch15_11-influenza.html,11. Inﬂuenza,https://www.tewhatuora.govt.nz/for-health-professionals/clinical-guidance/immunisation-handbook/11-influenza,rescued
16,ch16_12-measles.html,12. Measles,https://www.tewhatuora.govt.nz/for-health-professionals/clinical-guidance/immunisation-handbook/12-measles,rescued
17,ch17_13-meningococcal-disease.html,13. Meningococcal disease,https://www.tewhatuora.govt.nz/for-health-professionals/clinical-guidance/immunisation-handbook/13-meningococcal-disease,rescued
18,ch18_14-mpox.html,14. Mpox,https://www.tewhatuora.govt.nz/for-health-professionals/clinical-guidance/immunisation-handbook/14-mpox,rescued
19,ch19_15-mumps.html,15. Mumps,https://www.tewhatuora.govt.nz/for-health-professionals/clinical-guidance/immunisation-handbook/15-mumps,rescued
20,ch20_16-pertussis-whooping-cough.html,16. Pertussis (whooping cough),https://www.tewhatuora.govt.nz/for-health-professionals/clinical-guidance/immunisation-handbook/16-pertussis-whooping-cough,rescued
21,ch21_17-pneumococcal-disease.html,17. Pneumococcal disease,https://www.tewhatuora.govt.nz/for-health-professionals/clinical-guidance/immunisation-handbook/17-pneumococcal-disease,rescued
22,ch22_18-poliomyelitis.html,18. Poliomyelitis,https://www.tewhatuora.govt.nz/for-health-professionals/clinical-guidance/immunisation-handbook/18-poliomyelitis,rescued
23,ch23_19-respiratory-syncytial-virus.html,19.Respiratory syncytial virus,https://www.tewhatuora.govt.nz/for-health-professionals/clinical-guidance/immunisation-handbook/19-respiratory-syncytial-virus,rescued
24,ch24_20-rotavirus.html,20. Rotavirus,https://www.tewhatuora.govt.nz/for-health-professionals/clinical-guidance/immunisation-handbook/20-rotavirus,rescued
25,ch25_21-rubella.html,21. Rubella,https://www.tewhatuora.govt.nz/for-health-professionals/clinical-guidance/immunisation-handbook/21-rubella,rescued
26,ch26_22-tetanus.html,22. Tetanus,https://www.tewhatuora.govt.nz/for-health-professionals/clinical-guidance/immunisation-handbook/22-tetanus,rescued
27,ch27_23-tuberculosis.html,23. Tuberculosis,https://www.tewhatuora.govt.nz/for-health-professionals/clinical-guidance/immunisation-handbook/23-tuberculosis,rescued
28,ch28_24-varicella-chickenpox.html,24. Varicella (chickenpox),https://www.tewhatuora.govt.nz/for-health-professionals/clinical-guidance/immunisation-handbook/24-varicella-chickenpox,rescued
29,ch29_25-zoster-herpes-zostershingles.html,25. Zoster (herpes zoster/shingles),https://www.tewhatuora.govt.nz/for-health-professionals/clinical-guidance/immunisation-handbook/25-zoster-herpes-zostershingles,fetched
30,ch30_appendix-1-the-history-of-immunisation-in-new-zealand.html,Appendix 1: The history of immunisation in New Zealand,https://www.tewhatuora.govt.nz/for-health-professionals/clinical-guidance/immunisation-handbook/appendix-1-the-history-of-immunisation-in-new-zealand,fetched
31,ch31_appendix-2-planning-immunisation-catch-ups.html,Appendix 2: Planning immunisation catch-ups,https://www.tewhatuora.govt.nz/for-health-professionals/clinical-guidance/immunisation-handbook/appendix-2-planning-immunisation-catch-ups,fetched
32,ch32_appendix-3-immunisation-standards-for-vaccinators-and-guidelines-for-organisatio.html,Appendix 3: Immunisation standards for vaccinators and guidelines for organisations offering immunisation services,https://www.tewhatuora.govt.nz/for-health-professionals/clinical-guidance/immunisation-handbook/appendix-3-immunisation-standards-for-vaccinators-and-guidelines-for-organisations-offering-immunisation-services,fetched
33,ch33_appendix-4-authorisation-of-vaccinators-and-criteria-for-pharmacist-vaccinators.html,Appendix 4: Authorisation of vaccinators and criteria of vaccinators,https://www.tewhatuora.govt.nz/for-health-professionals/clinical-guidance/immunisation-handbook/appendix-4-authorisation-of-vaccinators-and-criteria-for-pharmacist-vaccinators,fetched
34,ch34_appendix-5-immunisation-certicate.html,Appendix 5: Immunisation certiﬁcate,https://www.tewhatuora.govt.nz/for-health-professionals/clinical-guidance/immunisation-handbook/appendix-5-immunisation-certicate,fetched
35,ch35_appendix-6-passive-immunisation.html,Appendix 6: Passive immunisation,https://www.tewhatuora.govt.nz/for-health-professionals/clinical-guidance/immunisation-handbook/appendix-6-passive-immunisation,fetched
36,ch36_appendix-7-vaccine-presentation-preparation-disposal-and-needle-stick-recommenda.html,"Appendix 7: Vaccine presentation, preparation, disposal, and needle-stick recommendations",https://www.tewhatuora.govt.nz/for-health-professionals/clinical-guidance/immunisation-handbook/appendix-7-vaccine-presentation-preparation-disposal-and-needle-stick-recommendations,fetched
37,ch37_appendix-8-websites-and-other-online-resources.html,Appendix 8: Websites and other online resources,https://www.tewhatuora.govt.nz/for-health-professionals/clinical-guidance/immunisation-handbook/appendix-8-websites-and-other-online-resources,fetched
38,ch38_appendix-9.html,Appendix 9: Medicines approved for use in immunisation programmes,https://www.tewhatuora.govt.nz/for-health-professionals/clinical-guidance/immunisation-handbook/appendix-9,fetched
39,ch39_main-sources.html,Main sources,https://www.tewhatuora.govt.nz/for-health-professionals/clinical-guidance/immunisation-handbook/main-sources,fetched
40,ch40_commonly-used-abbreviations.html,Commonly used abbreviations,https://www.tewhatuora.govt.nz/for-health-professionals/clinical-guidance/immunisation-handbook/commonly-used-abbreviations,fetched
41,ch41_glossary-of-vaccine-brand-names-and-abbreviations.html,Glossary of vaccine brand names and abbreviations,https://www.tewhatuora.govt.nz/for-health-professionals/clinical-guidance/immunisation-handbook/glossary-of-vaccine-brand-names-and-abbreviations,fetched
